matcher,ntypes,max_len,lambda,wall,cpu,inferences
match_list,basic,3,1,0.07280492782592773,0.0,263967
match_list,basic,3,1,0.05089092254638672,0.031250000000000056,263617
match_list,basic,3,1,0.03986716270446777,0.015625,263617
match_list,basic,3,1,0.03390789031982422,0.03125,263617
match_list,basic,3,1,0.03490710258483887,0.03125,263617
match_list,basic,5,1,0.07580113410949707,0.07812499999999994,569607
match_list,basic,5,1,0.0698089599609375,0.0625,569607
match_list,basic,5,1,0.09629201889038086,0.07812500000000011,569607
match_list,basic,5,1,0.07998895645141602,0.09375,569607
match_list,basic,5,1,0.06823396682739258,0.0625,569607
match_list,basic,10,1,0.14719891548156738,0.140625,1488391
match_list,basic,10,1,0.13529300689697266,0.1406249999999999,1488391
match_list,basic,10,1,0.14548015594482422,0.140625,1488391
match_list,basic,10,1,0.1386399269104004,0.14062500000000022,1488391
match_list,basic,10,1,0.16242694854736328,0.15625,1488391
match_list,basic,20,1,0.3553450107574463,0.328125,3578811
match_list,basic,20,1,0.331989049911499,0.3124999999999998,3578811
match_list,basic,20,1,0.32933902740478516,0.328125,3578811
match_list,basic,20,1,0.32062292098999023,0.29687500000000044,3578811
match_list,basic,20,1,0.33139801025390625,0.34375,3578811
match_list,basic,30,1,0.5385210514068604,0.53125,5809561
match_list,basic,30,1,0.5440161228179932,0.5468749999999996,5809561
match_list,basic,30,1,0.5480618476867676,0.53125,5809561
match_list,basic,30,1,0.5856881141662598,0.5468750000000009,5809561
match_list,basic,30,1,0.5563039779663086,0.5625,5809561
match_list,basic,40,1,0.7886998653411865,0.78125,8092969
match_list,basic,40,1,0.8044841289520264,0.8125,8092969
match_list,basic,40,1,0.787010908126831,0.7499999999999991,8092969
match_list,basic,40,1,0.8103060722351074,0.796875,8092969
match_list,basic,40,1,0.8194820880889893,0.828125,8092969
match_list,basic,50,1,1.1108829975128174,1.0937500000000018,10376905
match_list,basic,50,1,1.1470370292663574,1.09375,10376905
match_list,basic,50,1,1.1004970073699951,1.078125,10376905
match_list,basic,50,1,1.1012988090515137,1.0625,10376905
match_list,basic,50,1,1.101341962814331,1.109375,10376905
match_list,basic,5,2,0.08204102516174316,0.046875,627978
match_list,basic,5,2,0.06966090202331543,0.0625,627978
match_list,basic,5,2,0.06973719596862793,0.078125,627978
match_list,basic,5,2,0.0713200569152832,0.03125,627978
match_list,basic,5,2,0.10210299491882324,0.078125,627978
match_list,basic,10,2,0.1645340919494629,0.125,1557812
match_list,basic,10,2,0.15078091621398926,0.140625,1557812
match_list,basic,10,2,0.14724993705749512,0.15625,1557812
match_list,basic,10,2,0.15311098098754883,0.14062499999999822,1557812
match_list,basic,10,2,0.16723108291625977,0.171875,1557812
match_list,basic,20,2,0.334043025970459,0.3125,3639930
match_list,basic,20,2,0.3345301151275635,0.34375,3639930
match_list,basic,20,2,0.328948974609375,0.328125,3639930
match_list,basic,20,2,0.33803701400756836,0.34375,3639930
match_list,basic,20,2,0.3319578170776367,0.328125,3639930
match_list,basic,30,2,0.5434401035308838,0.53125,5835436
match_list,basic,30,2,0.6833028793334961,0.609375,5835436
match_list,basic,30,2,0.5392282009124756,0.546875,5835436
match_list,basic,30,2,0.5449798107147217,0.53125,5835436
match_list,basic,30,2,0.5813620090484619,0.5468750000000036,5835436
match_list,basic,40,2,0.7921981811523438,0.796875,8060642
match_list,basic,40,2,0.7960948944091797,0.796875,8060642
match_list,basic,40,2,0.8100180625915527,0.796875,8060642
match_list,basic,40,2,0.9724340438842773,0.953125,8060642
match_list,basic,40,2,1.1364688873291016,1.015625,8060642
match_list,basic,50,2,1.1712570190429688,1.171875,10265918
match_list,basic,50,2,1.4680850505828857,1.3125,10265918
match_list,basic,50,2,1.11222505569458,1.125,10265918
match_list,basic,50,2,1.092360019683838,1.078125,10265918
match_list,basic,50,2,1.1297428607940674,1.03125,10265918
match_list,basic,12,5,0.20170807838439941,0.203125,2145768
match_list,basic,12,5,0.20047903060913086,0.203125,2145768
match_list,basic,12,5,0.20005202293395996,0.1875,2145768
match_list,basic,12,5,0.2164609432220459,0.21875,2145768
match_list,basic,12,5,0.20758700370788574,0.21875,2145768
match_list,basic,20,5,0.3460259437561035,0.32812499999999645,3857716
match_list,basic,20,5,0.3464541435241699,0.34375,3857716
match_list,basic,20,5,0.3564598560333252,0.34375,3857716
match_list,basic,20,5,0.360288143157959,0.359375,3857716
match_list,basic,20,5,0.40348005294799805,0.375,3857716
match_list,basic,30,5,0.5544040203094482,0.546875,6068284
match_list,basic,30,5,0.5643651485443115,0.5625,6068284
match_list,basic,30,5,0.5696768760681152,0.5625,6068284
match_list,basic,30,5,0.5538251399993896,0.546875,6068284
match_list,basic,30,5,0.5738098621368408,0.578125,6068284
match_list,basic,40,5,0.7981829643249512,0.796875,8299984
match_list,basic,40,5,0.8233590126037598,0.8125,8299984
match_list,basic,40,5,0.7958040237426758,0.78125,8299984
match_list,basic,40,5,0.8129611015319824,0.8125,8299984
match_list,basic,40,5,0.813748836517334,0.8125,8299984
match_list,basic,50,5,1.1024529933929443,1.078125000000007,10510092
match_list,basic,50,5,1.08396315574646,1.09375,10510092
match_list,basic,50,5,1.1017019748687744,1.078125,10510092
match_list,basic,50,5,1.129802942276001,1.125,10510092
match_list,basic,50,5,1.1051640510559082,1.09375,10510092
match_list,basic,22,10,0.41355299949645996,0.421875,4566063
match_list,basic,22,10,0.4076728820800781,0.40625,4566063
match_list,basic,22,10,0.3983001708984375,0.375,4566063
match_list,basic,22,10,0.43172383308410645,0.4375,4566063
match_list,basic,22,10,0.4055171012878418,0.40625,4566063
match_list,basic,30,10,0.5664510726928711,0.546875,6345667
match_list,basic,30,10,0.5876419544219971,0.5625,6345667
match_list,basic,30,10,0.5742838382720947,0.578125,6345667
match_list,basic,30,10,0.5875251293182373,0.578125,6345667
match_list,basic,30,10,0.5765769481658936,0.5625,6345667
match_list,basic,40,10,0.8158881664276123,0.8125,8577777
match_list,basic,40,10,0.8176009654998779,0.8125,8577777
match_list,basic,40,10,0.817054033279419,0.796875,8577777
match_list,basic,40,10,0.8298318386077881,0.828125,8577777
match_list,basic,40,10,0.8722720146179199,0.859375,8577777
match_list,basic,50,10,1.1705131530761719,1.140625,10782821
match_list,basic,50,10,1.1316208839416504,1.125,10782821
match_list,basic,50,10,1.0904510021209717,1.078125,10782821
match_list,basic,50,10,1.117842197418213,1.0625,10782821
match_list,basic,50,10,1.1082179546356201,1.109375,10782821
match_list,basic,32,15,0.6437258720397949,0.640625,6956617
match_list,basic,32,15,0.6343982219696045,0.625,6956617
match_list,basic,32,15,0.6166830062866211,0.625,6956617
match_list,basic,32,15,0.6325690746307373,0.609375,6956617
match_list,basic,32,15,0.6629900932312012,0.65625,6956617
match_list,basic,40,15,0.8655250072479248,0.8437499999999929,8742099
match_list,basic,40,15,0.8279309272766113,0.828125,8742099
match_list,basic,40,15,0.8219010829925537,0.828125,8742099
match_list,basic,40,15,0.8168439865112305,0.796875,8742099
match_list,basic,40,15,0.8311319351196289,0.796875,8742099
match_list,basic,50,15,1.1029889583587646,1.109375,10947143
match_list,basic,50,15,1.105294942855835,1.109375,10947143
match_list,basic,50,15,1.1426970958709717,1.140625,10947143
match_list,basic,50,15,1.105154037475586,1.09375,10947143
match_list,basic,50,15,1.0715749263763428,1.0625,10947143
match_list,basic,42,20,0.8616030216217041,0.859375,9275702
match_list,basic,42,20,0.9244141578674316,0.921875,9275702
match_list,basic,42,20,0.8835759162902832,0.875,9275702
match_list,basic,42,20,0.8525559902191162,0.84375,9275702
match_list,basic,42,20,0.8753700256347656,0.875,9275702
match_list,basic,50,20,1.063364028930664,1.046875,11036192
match_list,basic,50,20,1.102599859237671,1.09375,11036192
match_list,basic,50,20,1.1053659915924072,1.09375,11036192
match_list,basic,50,20,1.087618112564087,1.0937500000000142,11036192
match_list,basic,50,20,1.082859992980957,1.078125,11036192
match_list,basic,60,20,1.3666889667510986,1.328125,13176792
match_list,basic,60,20,1.372987985610962,1.375,13176792
match_list,basic,60,20,1.3639020919799805,1.328125,13176792
match_list,basic,60,20,1.3543579578399658,1.34375,13176792
match_list,basic,60,20,1.3648998737335205,1.375,13176792
match_list,basic,52,25,1.1092581748962402,1.109375,11494055
match_list,basic,52,25,1.1047308444976807,1.078125,11494055
match_list,basic,52,25,1.1635751724243164,1.140625,11494055
match_list,basic,52,25,1.1112821102142334,1.109375,11494055
match_list,basic,52,25,1.1079621315002441,1.109375,11494055
match_list,basic,60,25,1.3116178512573242,1.296875,13199719
match_list,basic,60,25,1.3547289371490479,1.359375,13199719
match_list,basic,60,25,1.3311941623687744,1.328125,13199719
match_list,basic,60,25,1.3437879085540771,1.34375,13199719
match_list,basic,60,25,1.3704640865325928,1.296875,13199719
match_list,basic,62,30,1.3488330841064453,1.328125,13599397
match_list,basic,62,30,1.389754056930542,1.390625,13599397
match_list,basic,62,30,1.3575079441070557,1.359375,13599397
match_list,basic,62,30,1.3699560165405273,1.375,13599397
match_list,basic,62,30,1.3413081169128418,1.328125,13599397
match_list_ns,basic,3,1,0.01582789421081543,0.015625,66825
match_list_ns,basic,3,1,0.013962030410766602,0.015625,66713
match_list_ns,basic,3,1,0.007977962493896484,0.0,66713
match_list_ns,basic,3,1,0.010010004043579102,0.015625,66713
match_list_ns,basic,3,1,0.01296687126159668,0.015625,66713
match_list_ns,basic,5,1,0.07077312469482422,0.015625,186413
match_list_ns,basic,5,1,0.054852962493896484,0.015625,186413
match_list_ns,basic,5,1,0.02094292640686035,0.03125,186413
match_list_ns,basic,5,1,0.029920101165771484,0.03125,186413
match_list_ns,basic,5,1,0.027929067611694336,0.0,186413
match_list_ns,basic,10,1,0.12743878364562988,0.125,1260515
match_list_ns,basic,10,1,0.13235902786254883,0.109375,1260515
match_list_ns,basic,10,1,0.14899015426635742,0.15625,1260515
match_list_ns,basic,10,1,0.13706398010253906,0.125,1260515
match_list_ns,basic,10,1,0.1313018798828125,0.125,1260515
match_list_ns,basic,12,1,0.44644808769226074,0.390625,4258998
match_list_ns,basic,12,1,0.4238870143890381,0.421875,4258998
match_list_ns,basic,12,1,0.41671299934387207,0.421875,4258998
match_list_ns,basic,12,1,0.41652894020080566,0.421875,4258998
match_list_ns,basic,12,1,0.41272401809692383,0.40625,4258998
match_list_ns,basic,14,1,1.5718371868133545,1.5625,16917462
match_list_ns,basic,14,1,1.6451590061187744,1.640625,16917462
match_list_ns,basic,14,1,1.6056089401245117,1.609375,16917462
match_list_ns,basic,14,1,1.6120359897613525,1.609375,16917462
match_list_ns,basic,14,1,1.6230568885803223,1.625,16917462
match_list_ns,basic,16,1,6.773949146270752,6.671875,70957574
match_list_ns,basic,16,1,6.752712965011597,6.734374999999986,70957574
match_list_ns,basic,16,1,6.789115905761719,6.765625,70957574
match_list_ns,basic,16,1,6.744984149932861,6.71875,70957574
match_list_ns,basic,16,1,6.83070707321167,6.734375,70957574
match_list_ns,basic,18,1,28.590818881988525,28.50000000000003,301437404
match_list_ns,basic,18,1,28.449436902999878,28.421875,301437404
match_list_ns,basic,18,1,29.393145084381104,29.25,301437404
match_list_ns,basic,18,1,29.28119206428528,29.15624999999997,301437404
match_list_ns,basic,18,1,29.12899684906006,29.078125,301437404
match_list_ns,basic,5,2,0.04947519302368164,0.046875,305891
match_list_ns,basic,5,2,0.045881032943725586,0.046875,305891
match_list_ns,basic,5,2,0.10471606254577637,0.046875,305891
match_list_ns,basic,5,2,0.04389619827270508,0.046875,305891
match_list_ns,basic,5,2,0.04786992073059082,0.046875,305891
match_list_ns,basic,10,2,0.18652796745300293,0.1875,1772584
match_list_ns,basic,10,2,0.20601511001586914,0.203125,1772584
match_list_ns,basic,10,2,0.19686079025268555,0.203125,1772584
match_list_ns,basic,10,2,0.19910001754760742,0.1875,1772584
match_list_ns,basic,10,2,0.24730706214904785,0.1875,1772584
match_list_ns,basic,12,2,0.42376708984375,0.40625,4236960
match_list_ns,basic,12,2,0.4214320182800293,0.421875,4236960
match_list_ns,basic,12,2,0.4161338806152344,0.421875,4236960
match_list_ns,basic,12,2,0.4041628837585449,0.390625,4236960
match_list_ns,basic,12,2,0.42134904861450195,0.421875,4236960
match_list_ns,basic,14,2,1.3381121158599854,1.34375,13931606
match_list_ns,basic,14,2,1.4718308448791504,1.453125,13931606
match_list_ns,basic,14,2,1.4644629955291748,1.421875,13931606
match_list_ns,basic,14,2,1.380648136138916,1.375,13931606
match_list_ns,basic,14,2,1.4382169246673584,1.421875,13931606
match_list_ns,basic,16,2,5.228655099868774,5.171875,54656001
match_list_ns,basic,16,2,5.193411827087402,5.140625,54656001
match_list_ns,basic,16,2,5.121311187744141,5.125,54656001
match_list_ns,basic,16,2,5.246632814407349,5.203125000000057,54656001
match_list_ns,basic,16,2,5.2416300773620605,5.171875,54656001
match_list_ns,basic,18,2,21.65833592414856,21.578125,227705338
match_list_ns,basic,18,2,21.626444101333618,21.53125,227705338
match_list_ns,basic,18,2,21.88917589187622,21.828125,227705338
match_list_ns,basic,18,2,21.873006105422974,21.75,227705338
match_list_ns,basic,18,2,21.80012607574463,21.75,227705338
match_list_ns,basic,10,3,0.28955888748168945,0.28125,2895852
match_list_ns,basic,10,3,0.3326079845428467,0.34375,2895852
match_list_ns,basic,10,3,0.30039000511169434,0.28125,2895852
match_list_ns,basic,10,3,0.298367977142334,0.296875,2895852
match_list_ns,basic,10,3,0.2920708656311035,0.28125,2895852
match_list_ns,basic,12,3,0.4872581958770752,0.484375,5072754
match_list_ns,basic,12,3,0.49051690101623535,0.5,5072754
match_list_ns,basic,12,3,0.5595769882202148,0.515625,5072754
match_list_ns,basic,12,3,0.5140249729156494,0.515625,5072754
match_list_ns,basic,12,3,0.4935281276702881,0.484375,5072754
match_list_ns,basic,14,3,1.067119836807251,1.0625,11377022
match_list_ns,basic,14,3,1.0865819454193115,1.09375,11377022
match_list_ns,basic,14,3,1.1828460693359375,1.171875,11377022
match_list_ns,basic,14,3,1.2629008293151855,1.234375,11377022
match_list_ns,basic,14,3,1.1033451557159424,1.109375,11377022
match_list_ns,basic,16,3,3.5769147872924805,3.546875,35718015
match_list_ns,basic,16,3,3.357368230819702,3.359375,35718015
match_list_ns,basic,16,3,3.315081834793091,3.3125,35718015
match_list_ns,basic,16,3,3.352250099182129,3.3125,35718015
match_list_ns,basic,16,3,3.361539840698242,3.359375,35718015
match_list_ns,basic,18,3,13.132504224777222,13.0625,137212783
match_list_ns,basic,18,3,13.20354700088501,13.1875,137212783
match_list_ns,basic,18,3,13.190579891204834,13.09375,137212783
match_list_ns,basic,18,3,13.19552206993103,13.078124999999943,137212783
match_list_ns,basic,18,3,13.089818000793457,13.078125,137212783
match_list_ns,basic,10,4,0.4191708564758301,0.421875,4140248
match_list_ns,basic,10,4,0.4036891460418701,0.375,4140248
match_list_ns,basic,10,4,0.48493194580078125,0.4375,4140248
match_list_ns,basic,10,4,0.3980529308319092,0.390625,4140248
match_list_ns,basic,10,4,0.4016871452331543,0.40625,4140248
match_list_ns,basic,12,4,0.6812608242034912,0.65625,7420454
match_list_ns,basic,12,4,0.7160241603851318,0.703125,7420454
match_list_ns,basic,12,4,0.6925199031829834,0.671875,7420454
match_list_ns,basic,12,4,0.7096130847930908,0.71875,7420454
match_list_ns,basic,12,4,0.7774918079376221,0.671875,7420454
match_list_ns,basic,14,4,1.2029411792755127,1.203125,12678640
match_list_ns,basic,14,4,1.205021858215332,1.21875,12678640
match_list_ns,basic,14,4,1.2011380195617676,1.1875,12678640
match_list_ns,basic,14,4,1.2787160873413086,1.265625,12678640
match_list_ns,basic,14,4,1.4535338878631592,1.4375,12678640
match_list_ns,basic,16,4,2.556004047393799,2.5625,27381149
match_list_ns,basic,16,4,2.6093780994415283,2.609375,27381149
match_list_ns,basic,16,4,2.567371129989624,2.546875,27381149
match_list_ns,basic,16,4,3.0450668334960938,3.03125,27381149
match_list_ns,basic,16,4,2.6357860565185547,2.625,27381149
match_list_ns,basic,18,4,7.904323101043701,7.875,83239117
match_list_ns,basic,18,4,7.979938983917236,7.921875,83239117
match_list_ns,basic,18,4,8.19043493270874,8.125,83239117
match_list_ns,basic,18,4,7.894071102142334,7.890625,83239117
match_list_ns,basic,18,4,8.114634990692139,8.046875,83239117
match_list_ns,basic,12,5,0.975693941116333,0.984375,10278283
match_list_ns,basic,12,5,0.9666550159454346,0.953125,10278283
match_list_ns,basic,12,5,1.0818760395050049,1.0625,10278283
match_list_ns,basic,12,5,0.9932160377502441,0.96875,10278283
match_list_ns,basic,12,5,0.974700927734375,0.96875,10278283
match_list_ns,basic,14,5,1.7558009624481201,1.734375,18064161
match_list_ns,basic,14,5,1.7731702327728271,1.765625,18064161
match_list_ns,basic,14,5,1.696617841720581,1.671875,18064161
match_list_ns,basic,14,5,1.7183260917663574,1.71875,18064161
match_list_ns,basic,14,5,1.6619348526000977,1.671875,18064161
match_list_ns,basic,16,5,2.761545181274414,2.75,29934143
match_list_ns,basic,16,5,2.8329079151153564,2.8125,29934143
match_list_ns,basic,16,5,2.8352041244506836,2.828125,29934143
match_list_ns,basic,16,5,2.862891912460327,2.796875,29934143
match_list_ns,basic,16,5,2.823383092880249,2.8125,29934143
match_list_ns,basic,18,5,6.240696907043457,6.15625,62701552
match_list_ns,basic,18,5,5.950705051422119,5.90625,62701552
match_list_ns,basic,18,5,6.071849822998047,6.046875,62701552
match_list_ns,basic,18,5,5.908285140991211,5.84375,62701552
match_list_ns,basic,18,5,5.978528022766113,5.984375,62701552
match_list_ns,basic,14,6,2.692841053009033,2.625,24411719
match_list_ns,basic,14,6,2.322417974472046,2.296875,24411719
match_list_ns,basic,14,6,2.541456937789917,2.5,24411719
match_list_ns,basic,14,6,2.8158750534057617,2.78125,24411719
match_list_ns,basic,14,6,2.3468270301818848,2.34375,24411719
match_list_ns,basic,16,6,4.063447952270508,4.03125,41982972
match_list_ns,basic,16,6,4.073214054107666,4.046875,41982972
match_list_ns,basic,16,6,3.962743043899536,3.953125,41982972
match_list_ns,basic,16,6,3.933422088623047,3.90625,41982972
match_list_ns,basic,16,6,4.0033650398254395,4.0,41982972
match_list_ns,basic,18,6,6.518779039382935,6.484375,68413355
match_list_ns,basic,18,6,6.759203910827637,6.75,68413355
match_list_ns,basic,18,6,6.599786996841431,6.5625,68413355
match_list_ns,basic,18,6,7.080013036727905,7.03125,68413355
match_list_ns,basic,18,6,6.651669025421143,6.609375,68413355
match_list_ns,basic,16,7,5.520535945892334,5.484375,56020140
match_list_ns,basic,16,7,5.766742944717407,5.71875,56020140
match_list_ns,basic,16,7,5.48088812828064,5.453125,56020140
match_list_ns,basic,16,7,5.4848949909210205,5.453125,56020140
match_list_ns,basic,16,7,5.525082111358643,5.515625,56020140
match_list_ns,basic,18,7,9.564624071121216,9.484375,95151461
match_list_ns,basic,18,7,9.420535802841187,9.328125,95151461
match_list_ns,basic,18,7,9.231727123260498,9.21875,95151461
match_list_ns,basic,18,7,9.278769969940186,9.234375,95151461
match_list_ns,basic,18,7,9.264266967773438,9.25,95151461
match_list_ns,basic,18,8,12.315577983856201,12.28125,125430793
match_list_ns,basic,18,8,12.280128955841064,12.265625,125430793
match_list_ns,basic,18,8,12.402337074279785,12.34375,125430793
match_list_ns,basic,18,8,12.468188047409058,12.453125,125430793
match_list_ns,basic,18,8,13.195893049240112,13.125000000000114,125430793
match_list_nsc,basic,3,1,0.025691986083984375,0.015625,132662
match_list_nsc,basic,3,1,0.02792501449584961,0.03125,132546
match_list_nsc,basic,3,1,0.020978927612304688,0.03125,132546
match_list_nsc,basic,3,1,0.02590799331665039,0.015625,132546
match_list_nsc,basic,3,1,0.021939992904663086,0.03125,132546
match_list_nsc,basic,4,1,0.17577409744262695,0.140625,869285
match_list_nsc,basic,4,1,0.12421989440917969,0.125,869285
match_list_nsc,basic,4,1,0.11678409576416016,0.09375,869285
match_list_nsc,basic,4,1,0.12011003494262695,0.125,869285
match_list_nsc,basic,4,1,0.12291717529296875,0.109375,869285
match_list_nsc,basic,5,1,0.9423248767852783,0.9375,8944328
match_list_nsc,basic,5,1,0.9173109531402588,0.921875,8944328
match_list_nsc,basic,5,1,0.934999942779541,0.921875,8944328
match_list_nsc,basic,5,1,0.983267068862915,0.9375,8944328
match_list_nsc,basic,5,1,0.9453370571136475,0.9375,8944328
match_list_nsc,basic,6,1,9.254867792129517,9.25,89675428
match_list_nsc,basic,6,1,9.554069995880127,9.421875,89675428
match_list_nsc,basic,6,1,9.287552118301392,9.28125,89675428
match_list_nsc,basic,6,1,9.229748010635376,9.21875,89675428
match_list_nsc,basic,6,1,9.228121042251587,9.21875,89675428
match_list_nsc,basic,5,2,0.37122583389282227,0.296875,2466041
match_list_nsc,basic,5,2,0.2962532043457031,0.296875,2466041
match_list_nsc,basic,5,2,0.3010377883911133,0.296875,2466041
match_list_nsc,basic,5,2,0.35338401794433594,0.3125,2466041
match_list_nsc,basic,5,2,0.2945561408996582,0.265625,2466041
match_list_nsc,basic,6,2,1.1515748500823975,1.140625,11064294
match_list_nsc,basic,6,2,1.1894810199737549,1.1875,11064294
match_list_nsc,basic,6,2,1.1836540699005127,1.171875,11064294
match_list_nsc,basic,6,2,1.1752479076385498,1.171875,11064294
match_list_nsc,basic,6,2,1.1530520915985107,1.15625,11064294
match_list_nsc,basic,7,2,9.974327087402344,9.90625,95822173
match_list_nsc,basic,7,2,9.959045886993408,9.90625,95822173
match_list_nsc,basic,7,2,10.379925012588501,10.3125,95822173
match_list_nsc,basic,7,2,9.987519025802612,9.96875,95822173
match_list_nsc,basic,7,2,10.136732816696167,10.109375,95822173
match_list_nsc,basic,7,3,4.522593021392822,4.53125,39207933
match_list_nsc,basic,7,3,4.42048716545105,4.359375,39207933
match_list_nsc,basic,7,3,4.415549993515015,4.40625,39207933
match_list_nsc,basic,7,3,4.455347061157227,4.390625,39207933
match_list_nsc,basic,7,3,4.399918079376221,4.375,39207933
match_list_nsc,basic,8,3,15.11914587020874,15.109375,138190210
match_list_nsc,basic,8,3,19.251652002334595,18.21875,138190210
match_list_nsc,basic,8,3,15.533322095870972,15.531249999999886,138190210
match_list_nsc,basic,8,3,15.49842095375061,15.484375,138190210
match_list_nsc,basic,8,3,15.083826065063477,15.09375,138190210
match_list_nsc,basic,9,4,62.746806144714355,62.640625,564358942
match_list_nsc,basic,9,4,63.44959306716919,63.359375,564358942
match_list_nsc,basic,9,4,61.679797887802124,61.625,564358942
match_list_nsc,basic,9,4,61.697839975357056,61.65625000000023,564358942
match_list_nsc,basic,9,4,65.72209692001343,63.921875,564358942
match_list,aux,3,1,0.06981301307678223,0.046875000000000056,263967
match_list,aux,3,1,0.046875,0.046875,263617
match_list,aux,3,1,0.0368959903717041,0.03125,263617
match_list,aux,3,1,0.034906864166259766,0.03125,263617
match_list,aux,3,1,0.03490710258483887,0.031249999999999944,263617
match_list,aux,5,1,0.06981492042541504,0.0625,569607
match_list,aux,5,1,0.11389493942260742,0.046875,569607
match_list,aux,5,1,0.06572699546813965,0.07812500000000011,569607
match_list,aux,5,1,0.06582498550415039,0.0625,569607
match_list,aux,5,1,0.06566095352172852,0.046875,569607
match_list,aux,10,1,0.1501481533050537,0.140625,1488391
match_list,aux,10,1,0.13588786125183105,0.12499999999999989,1488391
match_list,aux,10,1,0.15090203285217285,0.140625,1488391
match_list,aux,10,1,0.13072419166564941,0.12500000000000022,1488391
match_list,aux,10,1,0.1372828483581543,0.140625,1488391
match_list,aux,20,1,0.38123607635498047,0.3125,3578811
match_list,aux,20,1,0.31600403785705566,0.3124999999999998,3578811
match_list,aux,20,1,0.3394739627838135,0.328125,3578811
match_list,aux,20,1,0.3211050033569336,0.31250000000000044,3578811
match_list,aux,20,1,0.33324599266052246,0.328125,3578811
match_list,aux,30,1,0.543889045715332,0.53125,5809561
match_list,aux,30,1,0.5519208908081055,0.5156249999999996,5809561
match_list,aux,30,1,0.5504610538482666,0.546875,5809561
match_list,aux,30,1,0.5545749664306641,0.5468750000000009,5809561
match_list,aux,30,1,0.594275951385498,0.546875,5809561
match_list,aux,40,1,0.8213851451873779,0.828125,8092969
match_list,aux,40,1,0.802954912185669,0.78125,8092969
match_list,aux,40,1,0.8038089275360107,0.8124999999999991,8092969
match_list,aux,40,1,0.8136651515960693,0.78125,8092969
match_list,aux,40,1,0.8069639205932617,0.765625,8092969
match_list,aux,50,1,1.0973238945007324,1.1093750000000018,10376905
match_list,aux,50,1,1.104018211364746,1.0625,10376905
match_list,aux,50,1,1.088702917098999,1.09375,10376905
match_list,aux,50,1,1.0995268821716309,1.09375,10376905
match_list,aux,50,1,1.118185043334961,1.109375,10376905
match_list,aux,5,2,0.08131909370422363,0.078125,627978
match_list,aux,5,2,0.07282304763793945,0.078125,627978
match_list,aux,5,2,0.06981682777404785,0.0625,627978
match_list,aux,5,2,0.07398080825805664,0.078125,627978
match_list,aux,5,2,0.08022499084472656,0.078125,627978
match_list,aux,10,2,0.1822340488433838,0.1875,1557812
match_list,aux,10,2,0.14646410942077637,0.125,1557812
match_list,aux,10,2,0.2004249095916748,0.15624999999999822,1557812
match_list,aux,10,2,0.15564298629760742,0.15625,1557812
match_list,aux,10,2,0.16060614585876465,0.15625,1557812
match_list,aux,20,2,0.3367578983306885,0.328125,3639930
match_list,aux,20,2,0.3272531032562256,0.3125,3639930
match_list,aux,20,2,0.322796106338501,0.328125,3639930
match_list,aux,20,2,0.3631739616394043,0.34375,3639930
match_list,aux,20,2,0.3854818344116211,0.390625,3639930
match_list,aux,30,2,0.5539970397949219,0.546875,5835436
match_list,aux,30,2,0.5570721626281738,0.546875,5835436
match_list,aux,30,2,0.5352249145507812,0.515625,5835436
match_list,aux,30,2,0.5585598945617676,0.5625,5835436
match_list,aux,30,2,0.5517621040344238,0.5468750000000036,5835436
match_list,aux,40,2,0.8032228946685791,0.796875,8060642
match_list,aux,40,2,0.783804178237915,0.78125,8060642
match_list,aux,40,2,0.8035650253295898,0.796875,8060642
match_list,aux,40,2,0.81390380859375,0.8125,8060642
match_list,aux,40,2,0.8006641864776611,0.796875,8060642
match_list,aux,50,2,1.1469569206237793,1.15625,10265918
match_list,aux,50,2,1.0873119831085205,1.078125,10265918
match_list,aux,50,2,1.1018400192260742,1.09375,10265918
match_list,aux,50,2,1.0826401710510254,1.078125,10265918
match_list,aux,50,2,1.1218438148498535,1.09375,10265918
match_list,aux,12,5,0.1987621784210205,0.203125,2145768
match_list,aux,12,5,0.200423002243042,0.203125,2145768
match_list,aux,12,5,0.20764780044555664,0.1875,2145768
match_list,aux,12,5,0.1920928955078125,0.171875,2145768
match_list,aux,12,5,0.20055198669433594,0.203125,2145768
match_list,aux,20,5,0.35485100746154785,0.359375,3857716
match_list,aux,20,5,0.3513622283935547,0.328125,3857716
match_list,aux,20,5,0.3515918254852295,0.35937499999999645,3857716
match_list,aux,20,5,0.36576008796691895,0.34375,3857716
match_list,aux,20,5,0.3562588691711426,0.34375,3857716
match_list,aux,30,5,0.5587790012359619,0.5625,6068284
match_list,aux,30,5,0.5638551712036133,0.5625,6068284
match_list,aux,30,5,0.569969892501831,0.5625,6068284
match_list,aux,30,5,0.5634739398956299,0.578125,6068284
match_list,aux,30,5,0.579876184463501,0.5625,6068284
match_list,aux,40,5,0.8049559593200684,0.796875,8299984
match_list,aux,40,5,0.8163399696350098,0.8125,8299984
match_list,aux,40,5,0.8019008636474609,0.8125,8299984
match_list,aux,40,5,0.8112781047821045,0.796875,8299984
match_list,aux,40,5,0.811445951461792,0.8125,8299984
match_list,aux,50,5,1.0987169742584229,1.078125000000007,10510092
match_list,aux,50,5,1.0915729999542236,1.078125,10510092
match_list,aux,50,5,1.0941720008850098,1.0625,10510092
match_list,aux,50,5,1.1011180877685547,1.0625,10510092
match_list,aux,50,5,1.1038038730621338,1.109375,10510092
match_list,aux,22,10,0.40590906143188477,0.40625,4566063
match_list,aux,22,10,0.4102771282196045,0.40625,4566063
match_list,aux,22,10,0.4198908805847168,0.421875,4566063
match_list,aux,22,10,0.41211795806884766,0.40625,4566063
match_list,aux,22,10,0.4187741279602051,0.421875,4566063
match_list,aux,30,10,0.566680908203125,0.578125,6345667
match_list,aux,30,10,0.5823659896850586,0.578125,6345667
match_list,aux,30,10,0.5699069499969482,0.5625,6345667
match_list,aux,30,10,0.6015710830688477,0.609375,6345667
match_list,aux,30,10,0.5722348690032959,0.5625,6345667
match_list,aux,40,10,0.8339991569519043,0.828125,8577777
match_list,aux,40,10,0.8167760372161865,0.8125,8577777
match_list,aux,40,10,0.8292908668518066,0.828125,8577777
match_list,aux,40,10,0.8125951290130615,0.8125,8577777
match_list,aux,40,10,0.8089768886566162,0.8125,8577777
match_list,aux,50,10,1.1490709781646729,1.125,10782821
match_list,aux,50,10,1.1209700107574463,1.109375,10782821
match_list,aux,50,10,1.0892510414123535,1.078125,10782821
match_list,aux,50,10,1.122955083847046,1.109375,10782821
match_list,aux,50,10,1.113271951675415,1.109375,10782821
match_list,aux,32,15,0.6223049163818359,0.59375,6956617
match_list,aux,32,15,0.6368341445922852,0.640625,6956617
match_list,aux,32,15,0.634221076965332,0.609375,6956617
match_list,aux,32,15,0.6345858573913574,0.625,6956617
match_list,aux,32,15,0.6409139633178711,0.640625,6956617
match_list,aux,40,15,0.8917021751403809,0.84375,8742099
match_list,aux,40,15,0.8378458023071289,0.8437499999999929,8742099
match_list,aux,40,15,0.8298280239105225,0.8125,8742099
match_list,aux,40,15,0.8436069488525391,0.84375,8742099
match_list,aux,40,15,0.8144550323486328,0.8125,8742099
match_list,aux,50,15,1.0899379253387451,1.09375,10947143
match_list,aux,50,15,1.103266954421997,1.09375,10947143
match_list,aux,50,15,1.0941991806030273,1.078125,10947143
match_list,aux,50,15,1.10707688331604,1.109375,10947143
match_list,aux,50,15,1.0679090023040771,1.078125,10947143
match_list,aux,42,20,0.9313580989837646,0.890625,9275702
match_list,aux,42,20,0.873309850692749,0.875,9275702
match_list,aux,42,20,0.8635029792785645,0.859375,9275702
match_list,aux,42,20,0.8611931800842285,0.859375,9275702
match_list,aux,42,20,0.8859419822692871,0.890625,9275702
match_list,aux,50,20,1.0998477935791016,1.0625,11036192
match_list,aux,50,20,1.0827171802520752,1.09375,11036192
match_list,aux,50,20,1.1228339672088623,1.078125,11036192
match_list,aux,50,20,1.0790441036224365,1.0625,11036192
match_list,aux,50,20,1.0847339630126953,1.0781250000000142,11036192
match_list,aux,60,20,1.3549919128417969,1.34375,13176792
match_list,aux,60,20,1.3620331287384033,1.3125,13176792
match_list,aux,60,20,1.368757963180542,1.328125,13176792
match_list,aux,60,20,1.3636488914489746,1.359375,13176792
match_list,aux,60,20,1.4190170764923096,1.375,13176792
match_list,aux,52,25,1.1439299583435059,1.109375,11494055
match_list,aux,52,25,1.111572027206421,1.109375,11494055
match_list,aux,52,25,1.0957870483398438,1.09375,11494055
match_list,aux,52,25,1.136178970336914,1.140625,11494055
match_list,aux,52,25,1.1062700748443604,1.09375,11494055
match_list,aux,60,25,1.3733079433441162,1.34375,13199719
match_list,aux,60,25,1.3469619750976562,1.328125,13199719
match_list,aux,60,25,1.3310110569000244,1.3125,13199719
match_list,aux,60,25,1.3414890766143799,1.34375,13199719
match_list,aux,60,25,1.3663430213928223,1.359375,13199719
match_list,aux,62,30,1.3603479862213135,1.359375,13599397
match_list,aux,62,30,1.4500479698181152,1.421875,13599397
match_list,aux,62,30,1.458786964416504,1.46875,13599397
match_list,aux,62,30,1.3820888996124268,1.375,13599397
match_list,aux,62,30,1.3572840690612793,1.359375,13599397
match_list_ns,aux,3,1,0.01725602149963379,0.015625,66825
match_list_ns,aux,3,1,0.010007143020629883,0.015625,66713
match_list_ns,aux,3,1,0.008940935134887695,0.0,66713
match_list_ns,aux,3,1,0.012000083923339844,0.015625,66713
match_list_ns,aux,3,1,0.007986783981323242,0.015625,66713
match_list_ns,aux,5,1,0.023927927017211914,0.015625,186413
match_list_ns,aux,5,1,0.024936914443969727,0.015625,186413
match_list_ns,aux,5,1,0.05983901023864746,0.03125,186413
match_list_ns,aux,5,1,0.06981205940246582,0.015625,186413
match_list_ns,aux,5,1,0.022941112518310547,0.03125,186413
match_list_ns,aux,10,1,0.13671398162841797,0.125,1260515
match_list_ns,aux,10,1,0.1356039047241211,0.125,1260515
match_list_ns,aux,10,1,0.13133907318115234,0.140625,1260515
match_list_ns,aux,10,1,0.1322329044342041,0.125,1260515
match_list_ns,aux,10,1,0.15275096893310547,0.15625,1260515
match_list_ns,aux,12,1,0.4165980815887451,0.421875,4258998
match_list_ns,aux,12,1,0.41646599769592285,0.390625,4258998
match_list_ns,aux,12,1,0.48114800453186035,0.4375,4258998
match_list_ns,aux,12,1,0.4121370315551758,0.421875,4258998
match_list_ns,aux,12,1,0.4196338653564453,0.40625,4258998
match_list_ns,aux,14,1,1.7104301452636719,1.6875,16917462
match_list_ns,aux,14,1,1.6776249408721924,1.65625,16917462
match_list_ns,aux,14,1,1.688910961151123,1.671875,16917462
match_list_ns,aux,14,1,1.5879311561584473,1.5625,16917462
match_list_ns,aux,14,1,1.6122398376464844,1.609375,16917462
match_list_ns,aux,16,1,6.904815196990967,6.859375,70957574
match_list_ns,aux,16,1,6.77764892578125,6.687499999999986,70957574
match_list_ns,aux,16,1,6.828062057495117,6.796875,70957574
match_list_ns,aux,16,1,6.688938856124878,6.6875,70957574
match_list_ns,aux,16,1,6.794891119003296,6.78125,70957574
match_list_ns,aux,18,1,28.774751901626587,28.67187500000003,301437404
match_list_ns,aux,18,1,28.452872037887573,28.359375,301437404
match_list_ns,aux,18,1,28.848378896713257,28.8125,301437404
match_list_ns,aux,18,1,29.319858074188232,29.20312499999997,301437404
match_list_ns,aux,18,1,29.316107988357544,29.1875,301437404
match_list_ns,aux,5,2,0.05417799949645996,0.0625,305891
match_list_ns,aux,5,2,0.03891706466674805,0.03125,305891
match_list_ns,aux,5,2,0.06682515144348145,0.0625,305891
match_list_ns,aux,5,2,0.05186104774475098,0.046875,305891
match_list_ns,aux,5,2,0.07380509376525879,0.03125,305891
match_list_ns,aux,10,2,0.21282410621643066,0.203125,1772584
match_list_ns,aux,10,2,0.20038890838623047,0.203125,1772584
match_list_ns,aux,10,2,0.18491101264953613,0.171875,1772584
match_list_ns,aux,10,2,0.2003331184387207,0.203125,1772584
match_list_ns,aux,10,2,0.2474370002746582,0.203125,1772584
match_list_ns,aux,12,2,0.4455838203430176,0.4375,4236960
match_list_ns,aux,12,2,0.4312911033630371,0.4375,4236960
match_list_ns,aux,12,2,0.4350249767303467,0.4375,4236960
match_list_ns,aux,12,2,0.43834400177001953,0.421875,4236960
match_list_ns,aux,12,2,0.431286096572876,0.421875,4236960
match_list_ns,aux,14,2,1.3691260814666748,1.359375,13931606
match_list_ns,aux,14,2,1.409337043762207,1.390625,13931606
match_list_ns,aux,14,2,1.5315749645233154,1.515625,13931606
match_list_ns,aux,14,2,1.3350090980529785,1.328125,13931606
match_list_ns,aux,14,2,1.4197320938110352,1.40625,13931606
match_list_ns,aux,16,2,5.312501907348633,5.296875,54656001
match_list_ns,aux,16,2,5.182345151901245,5.171875,54656001
match_list_ns,aux,16,2,5.466298818588257,5.390625,54656001
match_list_ns,aux,16,2,5.232274055480957,5.218750000000057,54656001
match_list_ns,aux,16,2,5.371470928192139,5.34375,54656001
match_list_ns,aux,18,2,21.791877031326294,21.765625,227705338
match_list_ns,aux,18,2,21.946772813796997,21.890625,227705338
match_list_ns,aux,18,2,21.677635192871094,21.640625,227705338
match_list_ns,aux,18,2,22.375934839248657,22.296875,227705338
match_list_ns,aux,18,2,21.766993045806885,21.734375,227705338
match_list_ns,aux,10,3,0.3024280071258545,0.25,2895852
match_list_ns,aux,10,3,0.2963528633117676,0.296875,2895852
match_list_ns,aux,10,3,0.4066810607910156,0.3125,2895852
match_list_ns,aux,10,3,0.3476090431213379,0.34375,2895852
match_list_ns,aux,10,3,0.3010270595550537,0.28125,2895852
match_list_ns,aux,12,3,0.47000789642333984,0.46875,5072754
match_list_ns,aux,12,3,0.49082112312316895,0.5,5072754
match_list_ns,aux,12,3,0.46416783332824707,0.4375,5072754
match_list_ns,aux,12,3,0.4812500476837158,0.484375,5072754
match_list_ns,aux,12,3,0.5321900844573975,0.46875,5072754
match_list_ns,aux,14,3,1.1024608612060547,1.09375,11377022
match_list_ns,aux,14,3,1.038750171661377,1.03125,11377022
match_list_ns,aux,14,3,1.1557228565216064,1.140625,11377022
match_list_ns,aux,14,3,1.1564891338348389,1.109375,11377022
match_list_ns,aux,14,3,1.2018139362335205,1.1875,11377022
match_list_ns,aux,16,3,3.4945709705352783,3.46875,35718015
match_list_ns,aux,16,3,3.625231981277466,3.609375,35718015
match_list_ns,aux,16,3,3.6352901458740234,3.578125,35718015
match_list_ns,aux,16,3,3.409421920776367,3.421875,35718015
match_list_ns,aux,16,3,3.5726380348205566,3.421875,35718015
match_list_ns,aux,18,3,13.073725938796997,13.03125,137212783
match_list_ns,aux,18,3,13.255280017852783,13.1875,137212783
match_list_ns,aux,18,3,13.229923963546753,13.234375,137212783
match_list_ns,aux,18,3,13.457359075546265,13.390624999999943,137212783
match_list_ns,aux,18,3,13.477125883102417,13.46875,137212783
match_list_ns,aux,10,4,0.4191141128540039,0.421875,4140248
match_list_ns,aux,10,4,0.4748520851135254,0.453125,4140248
match_list_ns,aux,10,4,0.4274919033050537,0.40625,4140248
match_list_ns,aux,10,4,0.41677403450012207,0.421875,4140248
match_list_ns,aux,10,4,0.4154839515686035,0.40625,4140248
match_list_ns,aux,12,4,0.7238430976867676,0.734375,7420454
match_list_ns,aux,12,4,0.6994619369506836,0.6875,7420454
match_list_ns,aux,12,4,0.7645518779754639,0.75,7420454
match_list_ns,aux,12,4,0.7290980815887451,0.71875,7420454
match_list_ns,aux,12,4,0.7894930839538574,0.78125,7420454
match_list_ns,aux,14,4,1.281351089477539,1.28125,12678640
match_list_ns,aux,14,4,1.190260887145996,1.171875,12678640
match_list_ns,aux,14,4,1.181286096572876,1.171875,12678640
match_list_ns,aux,14,4,1.3550159931182861,1.296875,12678640
match_list_ns,aux,14,4,1.4618849754333496,1.46875,12678640
match_list_ns,aux,16,4,2.701205015182495,2.625,27381149
match_list_ns,aux,16,4,2.6081738471984863,2.609375,27381149
match_list_ns,aux,16,4,2.6399171352386475,2.640625,27381149
match_list_ns,aux,16,4,2.7305190563201904,2.734375,27381149
match_list_ns,aux,16,4,2.6772639751434326,2.65625,27381149
match_list_ns,aux,18,4,7.79860782623291,7.8125,83239117
match_list_ns,aux,18,4,7.84811806678772,7.796875,83239117
match_list_ns,aux,18,4,8.36617398262024,8.171875,83239117
match_list_ns,aux,18,4,8.099508047103882,8.03125,83239117
match_list_ns,aux,18,4,8.16923213005066,8.140625,83239117
match_list_ns,aux,12,5,1.0658268928527832,1.078125,10278283
match_list_ns,aux,12,5,1.0670230388641357,1.0,10278283
match_list_ns,aux,12,5,1.0183680057525635,1.015625,10278283
match_list_ns,aux,12,5,1.003098964691162,1.0,10278283
match_list_ns,aux,12,5,0.9991610050201416,0.984375,10278283
match_list_ns,aux,14,5,1.706312894821167,1.671875,18064161
match_list_ns,aux,14,5,1.6950039863586426,1.703125,18064161
match_list_ns,aux,14,5,1.6934258937835693,1.6875,18064161
match_list_ns,aux,14,5,1.7935781478881836,1.765625,18064161
match_list_ns,aux,14,5,1.7503650188446045,1.75,18064161
match_list_ns,aux,16,5,2.8080079555511475,2.8125,29934143
match_list_ns,aux,16,5,2.8301329612731934,2.828125,29934143
match_list_ns,aux,16,5,2.9222841262817383,2.90625,29934143
match_list_ns,aux,16,5,3.1140527725219727,3.0625,29934143
match_list_ns,aux,16,5,2.75361704826355,2.765625,29934143
match_list_ns,aux,18,5,5.851921081542969,5.84375,62701552
match_list_ns,aux,18,5,6.012700080871582,5.984375,62701552
match_list_ns,aux,18,5,5.968649864196777,5.96875,62701552
match_list_ns,aux,18,5,6.016476154327393,5.96875,62701552
match_list_ns,aux,18,5,5.994354963302612,5.984375,62701552
match_list_ns,aux,14,6,2.366276979446411,2.359375,24411719
match_list_ns,aux,14,6,2.3307769298553467,2.3125,24411719
match_list_ns,aux,14,6,2.455718994140625,2.40625,24411719
match_list_ns,aux,14,6,2.346451997756958,2.34375,24411719
match_list_ns,aux,14,6,2.3271379470825195,2.3125,24411719
match_list_ns,aux,16,6,4.065596103668213,4.046875,41982972
match_list_ns,aux,16,6,4.053323984146118,4.03125,41982972
match_list_ns,aux,16,6,4.0696821212768555,4.03125,41982972
match_list_ns,aux,16,6,4.052304029464722,4.03125,41982972
match_list_ns,aux,16,6,4.094476938247681,4.078125,41982972
match_list_ns,aux,18,6,6.652694940567017,6.65625,68413355
match_list_ns,aux,18,6,6.729264974594116,6.71875,68413355
match_list_ns,aux,18,6,6.660491943359375,6.625,68413355
match_list_ns,aux,18,6,6.753749132156372,6.75,68413355
match_list_ns,aux,18,6,6.654513835906982,6.65625,68413355
match_list_ns,aux,16,7,5.41706919670105,5.390625,56020140
match_list_ns,aux,16,7,5.479223966598511,5.46875,56020140
match_list_ns,aux,16,7,5.34778904914856,5.359375,56020140
match_list_ns,aux,16,7,5.51435399055481,5.4375,56020140
match_list_ns,aux,16,7,5.509204864501953,5.484375,56020140
match_list_ns,aux,18,7,10.268235206604004,10.203125,95151461
match_list_ns,aux,18,7,9.693578004837036,9.625,95151461
match_list_ns,aux,18,7,9.572966814041138,9.546875,95151461
match_list_ns,aux,18,7,9.33764100074768,9.328125,95151461
match_list_ns,aux,18,7,9.689499139785767,9.609375,95151461
match_list_ns,aux,18,8,12.479248046875,12.4375,125430793
match_list_ns,aux,18,8,13.253805875778198,13.15625,125430793
match_list_ns,aux,18,8,12.739901065826416,12.71875,125430793
match_list_ns,aux,18,8,12.76514196395874,12.65625,125430793
match_list_ns,aux,18,8,13.55011510848999,13.468750000000114,125430793
match_list_nsc,aux,3,1,0.04995298385620117,0.046875,196822
match_list_nsc,aux,3,1,0.03491401672363281,0.03125,196706
match_list_nsc,aux,3,1,0.06083989143371582,0.046875,196706
match_list_nsc,aux,3,1,0.07978606224060059,0.03125,196706
match_list_nsc,aux,3,1,0.06981301307678223,0.03125,196706
match_list_nsc,aux,4,1,0.3725290298461914,0.375,3003785
match_list_nsc,aux,4,1,0.3716459274291992,0.359375,3003785
match_list_nsc,aux,4,1,0.34953808784484863,0.359375,3003785
match_list_nsc,aux,4,1,0.33257102966308594,0.328125,3003785
match_list_nsc,aux,4,1,0.3345217704772949,0.328125,3003785
match_list_nsc,aux,5,1,10.368465185165405,10.3125,99394068
match_list_nsc,aux,5,1,10.526643991470337,10.484375,99394068
match_list_nsc,aux,5,1,10.88296890258789,10.84375,99394068
match_list_nsc,aux,5,1,11.530770063400269,11.296875,99394068
match_list_nsc,aux,5,1,11.462574005126953,11.3125,99394068
match_list_nsc,aux,5,2,1.074131965637207,1.03125,9049661
match_list_nsc,aux,5,2,1.019516944885254,0.984375,9049661
match_list_nsc,aux,5,2,1.0183501243591309,1.0,9049661
match_list_nsc,aux,5,2,1.1543350219726562,1.09375,9049661
match_list_nsc,aux,5,2,1.055081844329834,1.046875,9049661
match_list_nsc,aux,6,2,12.90825605392456,12.890625,115459474
match_list_nsc,aux,6,2,12.366291046142578,12.3125,115459474
match_list_nsc,aux,6,2,13.871098041534424,13.390625,115459474
match_list_nsc,aux,6,2,16.551220178604126,15.3125,115459474
match_list_nsc,aux,6,2,12.809092998504639,12.75,115459474
match_list_nsc,aux,7,3,43.71319603919983,43.390624999999886,389579733
match_list_nsc,aux,7,3,42.61134481430054,42.328125,389579733
match_list_nsc,aux,7,3,42.66066813468933,42.359375,389579733
match_list_nsc,aux,7,3,43.65591788291931,43.4375,389579733
match_list_nsc,aux,7,3,42.59124803543091,42.40625,389579733
